state,year,quarter,registered_users,app_opens
andaman-&-nicobar-islands,2018,1,17445,159767
andaman-&-nicobar-islands,2018,2,23503,217851
andaman-&-nicobar-islands,2018,3,28416,214268
andaman-&-nicobar-islands,2018,4,35677,241336
andaman-&-nicobar-islands,2019,1,31436,234299
andaman-&-nicobar-islands,2019,2,31325,235710
andaman-&-nicobar-islands,2019,3,38092,271455
andaman-&-nicobar-islands,2019,4,41705,271230
andaman-&-nicobar-islands,2020,1,37183,284672
andaman-&-nicobar-islands,2020,2,38264,257118
andaman-&-nicobar-islands,2020,3,45964,436429
andaman-&-nicobar-islands,2020,4,53224,453693
andaman-&-nicobar-islands,2021,1,43634,290533
andaman-&-nicobar-islands,2021,2,42603,314613
andaman-&-nicobar-islands,2021,3,55410,499667
andaman-&-nicobar-islands,2021,4,60043,412107
andaman-&-nicobar-islands,2022,1,50814,348468
andaman-&-nicobar-islands,2022,2,57101,502745
andaman-&-nicobar-islands,2022,3,62029,459410
andaman-&-nicobar-islands,2022,4,71422,466662
andaman-&-nicobar-islands,2023,1,52239,433240
andaman-&-nicobar-islands,2023,2,63304,547584
andaman-&-nicobar-islands,2023,3,69292,555566
andaman-&-nicobar-islands,2023,4,82130,715812
andhra-pradesh,2018,1,1176124,9949629
andhra-pradesh,2018,2,1370930,9374996
andhra-pradesh,2018,3,1753185,12416948
andhra-pradesh,2018,4,1763364,15473285
andhra-pradesh,2019,1,1687052,12925870
andhra-pradesh,2019,2,2024852,17493110
andhra-pradesh,2019,3,2188250,18319452
andhra-pradesh,2019,4,2535823,23529318
andhra-pradesh,2020,1,2311535,18018451
andhra-pradesh,2020,2,2600203,23943726
andhra-pradesh,2020,3,2512420,19345675
andhra-pradesh,2020,4,3220970,27833266
andhra-pradesh,2021,1,2599167,23430430
andhra-pradesh,2021,2,2352280,21642391
andhra-pradesh,2021,3,3132595,28878469
andhra-pradesh,2021,4,3225907,27562689
andhra-pradesh,2022,1,2723616,20049130
andhra-pradesh,2022,2,3402861,31211959
andhra-pradesh,2022,3,3241670,27706944
andhra-pradesh,2022,4,3794761,34577856
andhra-pradesh,2023,1,3067390,27815331
andhra-pradesh,2023,2,3576745,28849780
andhra-pradesh,2023,3,3510409,28554742
andhra-pradesh,2023,4,4695794,36192654
arunachal-pradesh,2018,1,43285,391357
arunachal-pradesh,2018,2,54437,396903
arunachal-pradesh,2018,3,57165,477941
arunachal-pradesh,2018,4,73921,519983
arunachal-pradesh,2019,1,57267,450714
arunachal-pradesh,2019,2,63017,441820
arunachal-pradesh,2019,3,70949,614098
arunachal-pradesh,2019,4,81965,571868
arunachal-pradesh,2020,1,78387,662373
arunachal-pradesh,2020,2,78205,700592
arunachal-pradesh,2020,3,88152,791012
arunachal-pradesh,2020,4,108217,703635
arunachal-pradesh,2021,1,87856,716850
arunachal-pradesh,2021,2,84137,652143
arunachal-pradesh,2021,3,102928,890004
arunachal-pradesh,2021,4,115986,863315
arunachal-pradesh,2022,1,94080,711067
arunachal-pradesh,2022,2,108398,822010
arunachal-pradesh,2022,3,115723,864993
arunachal-pradesh,2022,4,125431,1052127
arunachal-pradesh,2023,1,104568,770960
arunachal-pradesh,2023,2,125955,1196162
arunachal-pradesh,2023,3,113917,1020013
arunachal-pradesh,2023,4,143181,1210430
assam,2018,1,381422,2821846
assam,2018,2,531618,4355529
assam,2018,3,520718,3567680
assam,2018,4,751686,6195470
assam,2019,1,577265,3840660
assam,2019,2,599813,5658050
assam,2019,3,752689,5936527
assam,2019,4,947140,7243078
assam,2020,1,746551,5740902
assam,2020,2,822812,7502287
assam,2020,3,947097,8245881
assam,2020,4,997715,8398380
assam,2021,1,806676,7387910
assam,2021,2,979311,7446650
assam,2021,3,1017341,9630190
assam,2021,4,1105052,9175696
assam,2022,1,871519,5964594
assam,2022,2,1077304,7202017
assam,2022,3,1148745,9743586
assam,2022,4,1190703,7877242
assam,2023,1,945473,8170900
assam,2023,2,1266837,11916044
assam,2023,3,1156869,8054814
assam,2023,4,1489344,10513840
bihar,2018,1,623892,4202863
bihar,2018,2,772491,6625998
bihar,2018,3,940374,8375316
bihar,2018,4,1253486,11586058
bihar,2019,1,965690,9010527
bihar,2019,2,1117206,8488501
bihar,2019,3,1321021,9258732
bihar,2019,4,1402136,11166666
bihar,2020,1,1392462,9829768
bihar,2020,2,1485609,13149575
bihar,2020,3,1450748,11139176
bihar,2020,4,1779064,16608494
bihar,2021,1,1422979,10472552
bihar,2021,2,1601894,12986692
bihar,2021,3,1622251,10898533
bihar,2021,4,2065255,14763946
bihar,2022,1,1758345,12928695
bihar,2022,2,1752961,13825403
bihar,2022,3,2114519,15720099
bihar,2022,4,2192482,15701435
bihar,2023,1,1728487,14229982
bihar,2023,2,2097690,13870612
bihar,2023,3,2133167,19836930
bihar,2023,4,2281858,18141820
chandigarh,2018,1,77443,649086
chandigarh,2018,2,88957,838609
chandigarh,2018,3,121521,1102859
chandigarh,2018,4,125240,1006989
chandigarh,2019,1,116852,974873
chandigarh,2019,2,133342,983603
chandigarh,2019,3,164240,1247158
chandigarh,2019,4,192983,1522886
chandigarh,2020,1,150059,1106736
chandigarh,2020,2,146408,1189963
chandigarh,2020,3,203603,1396128
chandigarh,2020,4,191695,1514830
chandigarh,2021,1,167289,1505318
chandigarh,2021,2,183267,1582042
chandigarh,2021,3,186990,1649305
chandigarh,2021,4,224190,1797275
chandigarh,2022,1,189877,1516105
chandigarh,2022,2,209665,1779577
chandigarh,2022,3,209863,1544468
chandigarh,2022,4,241227,2124245
chandigarh,2023,1,189470,1329148
chandigarh,2023,2,252323,2189792
chandigarh,2023,3,242661,2021729
chandigarh,2023,4,278494,2025663
chhattisgarh,2018,1,398318,3603603
chhattisgarh,2018,2,421583,3933906
chhattisgarh,2018,3,460568,4269045
chhattisgarh,2018,4,615039,5693532
chhattisgarh,2019,1,539037,3975209
chhattisgarh,2019,2,670772,5044976
chhattisgarh,2019,3,650649,5440037
chhattisgarh,2019,4,848586,7699734
chhattisgarh,2020,1,595140,3910968
chhattisgarh,2020,2,711239,4964841
chhattisgarh,2020,3,820765,6895570
chhattisgarh,2020,4,929067,6802905
chhattisgarh,2021,1,813025,6529866
chhattisgarh,2021,2,796464,5908919
chhattisgarh,2021,3,864220,7529259
chhattisgarh,2021,4,950277,6250789
chhattisgarh,2022,1,883751,6833251
chhattisgarh,2022,2,996577,7784239
chhattisgarh,2022,3,1024083,6721893
chhattisgarh,2022,4,1074002,9825786
chhattisgarh,2023,1,993251,9124004
chhattisgarh,2023,2,1027304,9259810
chhattisgarh,2023,3,1074747,8376173
chhattisgarh,2023,4,1284040,11407457
dadra-&-nagar-haveli-&-daman-&-diu,2018,1,36060,238094
dadra-&-nagar-haveli-&-daman-&-diu,2018,2,43565,299074
dadra-&-nagar-haveli-&-daman-&-diu,2018,3,55266,397670
dadra-&-nagar-haveli-&-daman-&-diu,2018,4,66922,606476
dadra-&-nagar-haveli-&-daman-&-diu,2019,1,55116,484812
dadra-&-nagar-haveli-&-daman-&-diu,2019,2,68253,629073
dadra-&-nagar-haveli-&-daman-&-diu,2019,3,80348,596008
dadra-&-nagar-haveli-&-daman-&-diu,2019,4,87346,754135
dadra-&-nagar-haveli-&-daman-&-diu,2020,1,71968,497158
dadra-&-nagar-haveli-&-daman-&-diu,2020,2,88633,654136
dadra-&-nagar-haveli-&-daman-&-diu,2020,3,80550,744493
dadra-&-nagar-haveli-&-daman-&-diu,2020,4,100557,756285
dadra-&-nagar-haveli-&-daman-&-diu,2021,1,82520,603846
dadra-&-nagar-haveli-&-daman-&-diu,2021,2,99728,916303
dadra-&-nagar-haveli-&-daman-&-diu,2021,3,105538,943114
dadra-&-nagar-haveli-&-daman-&-diu,2021,4,130478,886158
dadra-&-nagar-haveli-&-daman-&-diu,2022,1,93706,722120
dadra-&-nagar-haveli-&-daman-&-diu,2022,2,94569,851984
dadra-&-nagar-haveli-&-daman-&-diu,2022,3,125027,949017
dadra-&-nagar-haveli-&-daman-&-diu,2022,4,118719,998473
dadra-&-nagar-haveli-&-daman-&-diu,2023,1,116998,788469
dadra-&-nagar-haveli-&-daman-&-diu,2023,2,121627,998561
dadra-&-nagar-haveli-&-daman-&-diu,2023,3,126944,868794
dadra-&-nagar-haveli-&-daman-&-diu,2023,4,145995,1025096
delhi,2018,1,1029234,9739518
delhi,2018,2,1205263,8994868
delhi,2018,3,1713581,12585593
delhi,2018,4,1633299,12727409
delhi,2019,1,1839703,11962463
delhi,2019,2,1799943,13519308
delhi,2019,3,1988847,17842802
delhi,2019,4,2312948,20382699
delhi,2020,1,2116904,17704226
delhi,2020,2,2102654,17424076
delhi,2020,3,2371082,21127080
delhi,2020,4,2799270,23852727
delhi,2021,1,2454067,21448450
delhi,2021,2,2564187,17717794
delhi,2021,3,3050957,24580050
delhi,2021,4,3276622,25222458
delhi,2022,1,2734397,25047725
delhi,2022,2,2634397,17999609
delhi,2022,3,2928144,25688533
delhi,2022,4,3704234,25000196
delhi,2023,1,2797961,19531623
delhi,2023,2,3289900,27210583
delhi,2023,3,3052326,22623325
delhi,2023,4,3613204,25154471
goa,2018,1,115389,882871
goa,2018,2,141446,1242001
goa,2018,3,172347,1301535
goa,2018,4,203913,1485327
goa,2019,1,191426,1726463
goa,2019,2,191951,1409327
goa,2019,3,233565,1953742
goa,2019,4,251303,1777599
goa,2020,1,219823,2066847
goa,2020,2,243043,2092547
goa,2020,3,276580,2121274
goa,2020,4,318493,3018648
goa,2021,1,257168,2347082
goa,2021,2,280784,2146026
goa,2021,3,296917,2494523
goa,2021,4,325119,2704547
goa,2022,1,259829,2001824
goa,2022,2,341058,2988952
goa,2022,3,345616,3161263
goa,2022,4,356012,2871110
goa,2023,1,287597,2084948
goa,2023,2,321165,2786235
goa,2023,3,352283,2946503
goa,2023,4,399376,2986948
gujarat,2018,1,1060134,8761251
gujarat,2018,2,1225401,8113047
gujarat,2018,3,1401174,12197123
gujarat,2018,4,1681542,11791660
gujarat,2019,1,1438070,11583938
gujarat,2019,2,1781480,14540678
gujarat,2019,3,1902087,14933883
gujarat,2019,4,2295861,16989445
gujarat,2020,1,1825166,11942089
gujarat,2020,2,2193393,18449564
gujarat,2020,3,2386721,15722526
gujarat,2020,4,2574628,21428177
gujarat,2021,1,2176220,18598746
gujarat,2021,2,2566033,20424959
gujarat,2021,3,2477728,16364841
gujarat,2021,4,2818879,21994620
gujarat,2022,1,2438398,18579878
gujarat,2022,2,2535242,22008213
gujarat,2022,3,3030620,23717962
gujarat,2022,4,3555603,27413977
gujarat,2023,1,2568332,19412519
gujarat,2023,2,2944333,27372892
gujarat,2023,3,3659592,28796850
gujarat,2023,4,3700992,31439576
haryana,2018,1,679604,5947582
haryana,2018,2,874027,6334465
haryana,2018,3,1073214,9294685
haryana,2018,4,1290422,10768930
haryana,2019,1,1162140,10162344
haryana,2019,2,1124445,7702062
haryana,2019,3,1345587,11063560
haryana,2019,4,1739054,16096064
haryana,2020,1,1346509,10001100
haryana,2020,2,1444278,12378820
haryana,2020,3,1488555,10262125
haryana,2020,4,1879798,17169193
haryana,2021,1,1604129,14321021
haryana,2021,2,1627760,15113053
haryana,2021,3,1738722,15037988
haryana,2021,4,1964150,16848715
haryana,2022,1,1779257,13900100
haryana,2022,2,1895753,12476520
haryana,2022,3,2298486,20296211
haryana,2022,4,2152964,15434930
haryana,2023,1,1861422,13141513
haryana,2023,2,1908662,16110735
haryana,2023,3,2333104,20070250
haryana,2023,4,2601429,17965637
himachal-pradesh,2018,1,183881,1691503
himachal-pradesh,2018,2,216839,2000418
himachal-pradesh,2018,3,239347,2255214
himachal-pradesh,2018,4,315695,2360135
himachal-pradesh,2019,1,256436,2348167
himachal-pradesh,2019,2,308362,2781518
himachal-pradesh,2019,3,297910,2572616
himachal-pradesh,2019,4,389051,3266098
himachal-pradesh,2020,1,297127,2819472
himachal-pradesh,2020,2,335766,2451740
himachal-pradesh,2020,3,364639,2500247
himachal-pradesh,2020,4,448924,4054501
himachal-pradesh,2021,1,377495,2835828
himachal-pradesh,2021,2,379277,2619960
himachal-pradesh,2021,3,429365,2964892
himachal-pradesh,2021,4,472392,3540452
himachal-pradesh,2022,1,461599,3893118
himachal-pradesh,2022,2,486627,4107898
himachal-pradesh,2022,3,496277,3369288
himachal-pradesh,2022,4,619715,5450204
himachal-pradesh,2023,1,476009,3706835
himachal-pradesh,2023,2,525657,3837634
himachal-pradesh,2023,3,564785,4246799
himachal-pradesh,2023,4,631329,5683921
jammu-&-kashmir,2018,1,223396,1879021
jammu-&-kashmir,2018,2,212960,1448692
jammu-&-kashmir,2018,3,264557,2136840
jammu-&-kashmir,2018,4,310889,2785754
jammu-&-kashmir,2019,1,293406,2460619
jammu-&-kashmir,2019,2,336317,3033346
jammu-&-kashmir,2019,3,399585,2920733
jammu-&-kashmir,2019,4,426000,3472749
jammu-&-kashmir,2020,1,325590,2767345
jammu-&-kashmir,2020,2,376475,2566220
jammu-&-kashmir,2020,3,385807,2908597
jammu-&-kashmir,2020,4,585335,3853183
jammu-&-kashmir,2021,1,458562,3568460
jammu-&-kashmir,2021,2,441027,3519253
jammu-&-kashmir,2021,3,498771,4445568
jammu-&-kashmir,2021,4,549596,3998445
jammu-&-kashmir,2022,1,506407,3904366
jammu-&-kashmir,2022,2,499977,4456642
jammu-&-kashmir,2022,3,530065,4877512
jammu-&-kashmir,2022,4,639818,4802799
jammu-&-kashmir,2023,1,530355,4787388
jammu-&-kashmir,2023,2,553712,4229653
jammu-&-kashmir,2023,3,643648,5230498
jammu-&-kashmir,2023,4,743644,5654247
jharkhand,2018,1,367443,3067505
jharkhand,2018,2,425294,2806896
jharkhand,2018,3,503448,3290454
jharkhand,2018,4,634165,4677286
jharkhand,2019,1,505067,3424386
jharkhand,2019,2,602462,5095021
jharkhand,2019,3,652486,4626146
jharkhand,2019,4,857252,7377145
jharkhand,2020,1,638734,5652416
jharkhand,2020,2,808683,6435186
jharkhand,2020,3,937444,6443833
jharkhand,2020,4,956112,8591479
jharkhand,2021,1,816592,6882877
jharkhand,2021,2,883061,7311531
jharkhand,2021,3,975228,7197559
jharkhand,2021,4,1093932,9832256
jharkhand,2022,1,880800,7875433
jharkhand,2022,2,976476,8292557
jharkhand,2022,3,1022424,8892735
jharkhand,2022,4,1223339,10797989
jharkhand,2023,1,1145967,10242141
jharkhand,2023,2,1032832,6961184
jharkhand,2023,3,1236117,8591447
jharkhand,2023,4,1287804,9831702
karnataka,2018,1,1807957,16843232
karnataka,2018,2,2038527,15531946
karnataka,2018,3,2141215,14045676
karnataka,2018,4,2629645,22715493
karnataka,2019,1,2179910,17341443
karnataka,2019,2,2474703,22498993
karnataka,2019,3,3296555,27685319
karnataka,2019,4,3604225,30705495
karnataka,2020,1,2816700,24455059
karnataka,2020,2,3158337,23195052
karnataka,2020,3,3376712,28522165
karnataka,2020,4,3863715,28648826
karnataka,2021,1,3292763,22958146
karnataka,2021,2,3678259,34213719
karnataka,2021,3,4301251,31573465
karnataka,2021,4,4865041,43412021
karnataka,2022,1,3881340,26005633
karnataka,2022,2,3892443,26781558
karnataka,2022,3,4349463,33679688
karnataka,2022,4,4986560,37395909
karnataka,2023,1,3946173,25729032
karnataka,2023,2,5340579,39693417
karnataka,2023,3,5380899,45306633
karnataka,2023,4,6083888,41675259
kerala,2018,1,877187,7340328
kerala,2018,2,1003557,8427368
kerala,2018,3,1189400,8985899
kerala,2018,4,1578362,11998672
kerala,2019,1,1257381,10537269
kerala,2019,2,1461556,12918907
kerala,2019,3,1588164,11933267
kerala,2019,4,2002343,13689772
kerala,2020,1,1412478,10831032
kerala,2020,2,1838402,15651129
kerala,2020,3,1942182,17943719
kerala,2020,4,2376476,19798918
kerala,2021,1,1860439,16164421
kerala,2021,2,2166836,15479677
kerala,2021,3,2082064,18439157
kerala,2021,4,2435449,22212311
kerala,2022,1,1951814,13895907
kerala,2022,2,2362069,20157860
kerala,2022,3,2250243,19083423
kerala,2022,4,2519982,22521301
kerala,2023,1,2286280,17177755
kerala,2023,2,2219116,15847059
kerala,2023,3,2854826,22400124
kerala,2023,4,2788534,21322954
ladakh,2018,1,21199,196603
ladakh,2018,2,24057,203159
ladakh,2018,3,30699,236323
ladakh,2018,4,33881,223038
ladakh,2019,1,29296,223325
ladakh,2019,2,33242,251758
ladakh,2019,3,39583,269566
ladakh,2019,4,41236,376983
ladakh,2020,1,36567,279842
ladakh,2020,2,39434,274904
ladakh,2020,3,40685,337158
ladakh,2020,4,51204,425902
ladakh,2021,1,45521,431537
ladakh,2021,2,43434,325877
ladakh,2021,3,52557,475747
ladakh,2021,4,54795,356487
ladakh,2022,1,51393,466839
ladakh,2022,2,48273,315941
ladakh,2022,3,58677,414636
ladakh,2022,4,68715,582917
ladakh,2023,1,55335,380337
ladakh,2023,2,61246,485376
ladakh,2023,3,57935,476515
ladakh,2023,4,80223,638480
lakshadweep,2018,1,9215,84405
lakshadweep,2018,2,10884,81108
lakshadweep,2018,3,15396,117145
lakshadweep,2018,4,16971,129822
lakshadweep,2019,1,13387,90622
lakshadweep,2019,2,16072,138771
lakshadweep,2019,3,19656,131891
lakshadweep,2019,4,18905,156856
lakshadweep,2020,1,19885,171017
lakshadweep,2020,2,18386,150264
lakshadweep,2020,3,20381,134892
lakshadweep,2020,4,22281,206738
lakshadweep,2021,1,20019,144931
lakshadweep,2021,2,22749,192185
lakshadweep,2021,3,25163,237961
lakshadweep,2021,4,25327,203180
lakshadweep,2022,1,23494,209395
lakshadweep,2022,2,23694,220956
lakshadweep,2022,3,30068,265216
lakshadweep,2022,4,31166,290523
lakshadweep,2023,1,26594,246926
lakshadweep,2023,2,30956,208376
lakshadweep,2023,3,34228,314774
lakshadweep,2023,4,34834,288184
madhya-pradesh,2018,1,812572,5811973
madhya-pradesh,2018,2,895173,6856638
madhya-pradesh,2018,3,1001538,7738358
madhya-pradesh,2018,4,1222401,9442346
madhya-pradesh,2019,1,1197431,10478721
madhya-pradesh,2019,2,1259156,8881548
madhya-pradesh,2019,3,1456612,11773708
madhya-pradesh,2019,4,1925357,13221250
madhya-pradesh,2020,1,1535265,11258901
madhya-pradesh,2020,2,1667079,15395110
madhya-pradesh,2020,3,1940046,14326997
madhya-pradesh,2020,4,2258853,19849211
madhya-pradesh,2021,1,1613720,13255569
madhya-pradesh,2021,2,1874535,17366079
madhya-pradesh,2021,3,2122976,16667260
madhya-pradesh,2021,4,2431026,22086587
madhya-pradesh,2022,1,1854894,16982266
madhya-pradesh,2022,2,1898602,17317581
madhya-pradesh,2022,3,2184037,19609290
madhya-pradesh,2022,4,2333299,15394314
madhya-pradesh,2023,1,2153644,19021957
madhya-pradesh,2023,2,2153917,17074226
madhya-pradesh,2023,3,2624647,19475435
madhya-pradesh,2023,4,3254693,25798613
maharashtra,2018,1,2050459,16161573
maharashtra,2018,2,2542728,17744125
maharashtra,2018,3,2776863,19191434
maharashtra,2018,4,3076154,21729378
maharashtra,2019,1,2863125,26988147
maharashtra,2019,2,3536492,25040866
maharashtra,2019,3,3943583,33521942
maharashtra,2019,4,3937525,28226608
maharashtra,2020,1,3794232,30800150
maharashtra,2020,2,3723943,25636202
maharashtra,2020,3,3856907,34936165
maharashtra,2020,4,4819272,39153275
maharashtra,2021,1,4798462,42492474
maharashtra,2021,2,4933847,44974535
maharashtra,2021,3,5109401,36506589
maharashtra,2021,4,5732786,49161685
maharashtra,2022,1,4328747,35757480
maharashtra,2022,2,5045876,35208282
maharashtra,2022,3,5406809,48248277
maharashtra,2022,4,5812857,41646885
maharashtra,2023,1,5849513,48197643
maharashtra,2023,2,5072195,40537588
maharashtra,2023,3,6111727,51827847
maharashtra,2023,4,7322374,49878549
manipur,2018,1,60169,534939
manipur,2018,2,70370,573758
manipur,2018,3,75889,565879
manipur,2018,4,104577,784985
manipur,2019,1,98606,789256
manipur,2019,2,106306,773872
manipur,2019,3,98319,850862
manipur,2019,4,118632,891942
manipur,2020,1,113839,971958
manipur,2020,2,135540,947621
manipur,2020,3,146481,1109181
manipur,2020,4,169245,1456579
manipur,2021,1,127895,1164062
manipur,2021,2,129730,1168331
manipur,2021,3,159078,1181978
manipur,2021,4,177978,1385152
manipur,2022,1,132185,1120518
manipur,2022,2,160010,1392822
manipur,2022,3,168496,1513933
manipur,2022,4,178397,1333089
manipur,2023,1,140104,1017899
manipur,2023,2,176191,1250949
manipur,2023,3,185798,1744556
manipur,2023,4,216569,1438282
meghalaya,2018,1,55672,424695
meghalaya,2018,2,65852,574467
meghalaya,2018,3,89419,810579
meghalaya,2018,4,108358,711313
meghalaya,2019,1,92770,692333
meghalaya,2019,2,104412,927836
meghalaya,2019,3,109036,1000188
meghalaya,2019,4,133375,1131415
meghalaya,2020,1,108119,789816
meghalaya,2020,2,126476,1060572
meghalaya,2020,3,134148,1006404
meghalaya,2020,4,156573,1269720
meghalaya,2021,1,126846,867159
meghalaya,2021,2,137014,1155516
meghalaya,2021,3,164278,1414107
meghalaya,2021,4,168406,1366988
meghalaya,2022,1,152518,1059048
meghalaya,2022,2,155182,1356372
meghalaya,2022,3,190331,1645318
meghalaya,2022,4,219456,1670761
meghalaya,2023,1,142096,1018689
meghalaya,2023,2,156423,1361365
meghalaya,2023,3,185305,1473600
meghalaya,2023,4,217378,1434224
mizoram,2018,1,37245,337696
mizoram,2018,2,51704,407510
mizoram,2018,3,56089,371834
mizoram,2018,4,63902,462877
mizoram,2019,1,53724,505419
mizoram,2019,2,61742,454951
mizoram,2019,3,78039,538611
mizoram,2019,4,90578,834515
mizoram,2020,1,82225,713422
mizoram,2020,2,75552,700936
mizoram,2020,3,90297,729282
mizoram,2020,4,111747,864165
mizoram,2021,1,81253,606959
mizoram,2021,2,83309,575950
mizoram,2021,3,101901,882555
mizoram,2021,4,101562,940766
mizoram,2022,1,95131,781829
mizoram,2022,2,114772,926645
mizoram,2022,3,119033,798599
mizoram,2022,4,144544,1274734
mizoram,2023,1,107461,985047
mizoram,2023,2,106744,765363
mizoram,2023,3,129285,1125841
mizoram,2023,4,130587,1182793
nagaland,2018,1,39627,325176
nagaland,2018,2,42767,314128
nagaland,2018,3,60933,485065
nagaland,2018,4,70495,580931
nagaland,2019,1,56508,466765
nagaland,2019,2,68793,559007
nagaland,2019,3,77558,528408
nagaland,2019,4,83385,748129
nagaland,2020,1,67772,560672
nagaland,2020,2,69354,484899
nagaland,2020,3,91245,865239
nagaland,2020,4,90368,674204
nagaland,2021,1,83476,728844
nagaland,2021,2,100809,840239
nagaland,2021,3,109708,759298
nagaland,2021,4,108785,1031624
nagaland,2022,1,96939,725555
nagaland,2022,2,108422,821024
nagaland,2022,3,113817,767883
nagaland,2022,4,129820,883825
nagaland,2023,1,103655,688261
nagaland,2023,2,108762,916853
nagaland,2023,3,117004,792435
nagaland,2023,4,147815,1004237
odisha,2018,1,541798,4648470
odisha,2018,2,588968,4680078
odisha,2018,3,684643,4665431
odisha,2018,4,922718,7245434
odisha,2019,1,795876,6959603
odisha,2019,2,957244,7116212
odisha,2019,3,1003451,7942190
odisha,2019,4,1075752,9839401
odisha,2020,1,967426,8879035
odisha,2020,2,1164183,9269474
odisha,2020,3,1281963,9640810
odisha,2020,4,1459200,10632158
odisha,2021,1,1280894,10788303
odisha,2021,2,1299364,8960743
odisha,2021,3,1456294,12427779
odisha,2021,4,1461121,12699429
odisha,2022,1,1239426,9280123
odisha,2022,2,1345291,12076394
odisha,2022,3,1389488,9562609
odisha,2022,4,1826767,16252804
odisha,2023,1,1346376,10827116
odisha,2023,2,1492124,12924856
odisha,2023,3,1720360,12452330
odisha,2023,4,1914059,14988931
puducherry,2018,1,65779,472571
puducherry,2018,2,75580,508594
puducherry,2018,3,92028,852566
puducherry,2018,4,105376,920332
puducherry,2019,1,85605,718153
puducherry,2019,2,113328,905765
puducherry,2019,3,106597,865028
puducherry,2019,4,126231,1180309
puducherry,2020,1,121626,1069985
puducherry,2020,2,120166,1105340
puducherry,2020,3,126180,968072
puducherry,2020,4,143627,1296998
puducherry,2021,1,123958,1097957
puducherry,2021,2,145553,1015511
puducherry,2021,3,140007,1234119
puducherry,2021,4,158644,1159237
puducherry,2022,1,158745,1440331
puducherry,2022,2,159265,1375761
puducherry,2022,3,170133,1479269
puducherry,2022,4,222173,1767270
puducherry,2023,1,155737,1135633
puducherry,2023,2,186556,1616388
puducherry,2023,3,178267,1631221
puducherry,2023,4,225948,1558606
punjab,2018,1,662641,5131468
punjab,2018,2,725940,6336458
punjab,2018,3,911321,6334998
punjab,2018,4,1087866,8664440
punjab,2019,1,854142,5909690
punjab,2019,2,1034410,7718693
punjab,2019,3,1267058,11449806
punjab,2019,4,1190936,10425016
punjab,2020,1,1051091,7511357
punjab,2020,2,1401815,9655880
punjab,2020,3,1338845,12561132
punjab,2020,4,1449577,10399694
punjab,2021,1,1439672,9390165
punjab,2021,2,1527409,10653066
punjab,2021,3,1385965,12247013
punjab,2021,4,1832947,15949624
punjab,2022,1,1574786,14293118
punjab,2022,2,1643827,13189000
punjab,2022,3,1800407,14469716
punjab,2022,4,2100228,14221480
punjab,2023,1,1530210,11896541
punjab,2023,2,1867390,13735480
punjab,2023,3,1952217,17877012
punjab,2023,4,2257191,20424592
rajasthan,2018,1,920213,7702462
rajasthan,2018,2,1115157,7578596
rajasthan,2018,3,1329259,11489036
rajasthan,2018,4,1729594,15164955
rajasthan,2019,1,1274858,10774915
rajasthan,2019,2,1556846,10523888
rajasthan,2019,3,2016126,18109845
rajasthan,2019,4,2201327,14761275
rajasthan,2020,1,1831767,12167225
rajasthan,2020,2,1839221,15700041
rajasthan,2020,3,2041121,14070913
rajasthan,2020,4,2294737,18300040
rajasthan,2021,1,1839447,15975588
rajasthan,2021,2,2257080,15470202
rajasthan,2021,3,2273381,18638105
rajasthan,2021,4,2848686,23747625
rajasthan,2022,1,2482006,22701204
rajasthan,2022,2,2373174,20255670
rajasthan,2022,3,2873349,22689520
rajasthan,2022,4,2822720,25714617
rajasthan,2023,1,2572903,23780394
rajasthan,2023,2,2608464,18370835
rajasthan,2023,3,3185857,26255104
rajasthan,2023,4,3529374,28220005
sikkim,2018,1,38105,286137
sikkim,2018,2,48725,456171
sikkim,2018,3,58302,517959
sikkim,2018,4,59294,458966
sikkim,2019,1,55713,378689
sikkim,2019,2,68067,578383
sikkim,2019,3,76705,623052
sikkim,2019,4,75848,582509
sikkim,2020,1,69453,623257
sikkim,2020,2,83481,785354
sikkim,2020,3,92793,605519
sikkim,2020,4,111700,776370
sikkim,2021,1,92630,845342
sikkim,2021,2,89372,711631
sikkim,2021,3,90432,834641
sikkim,2021,4,113604,789415
sikkim,2022,1,100871,668761
sikkim,2022,2,113743,770637
sikkim,2022,3,124283,1104839
sikkim,2022,4,132695,1205403
sikkim,2023,1,105474,943084
sikkim,2023,2,106795,838010
sikkim,2023,3,135222,996159
sikkim,2023,4,152654,1072538
tamil-nadu,2018,1,1418504,11735027
tamil-nadu,2018,2,1818284,13238200
tamil-nadu,2018,3,1943704,18007494
tamil-nadu,2018,4,2438987,19571110
tamil-nadu,2019,1,2215727,16068989
tamil-nadu,2019,2,2170595,17102358
tamil-nadu,2019,3,2930992,21887238
tamil-nadu,2019,4,3226738,27457396
tamil-nadu,2020,1,2538773,22926761
tamil-nadu,2020,2,3028654,25988957
tamil-nadu,2020,3,3406195,29418234
tamil-nadu,2020,4,3114599,27278497
tamil-nadu,2021,1,2719991,18801194
tamil-nadu,2021,2,3307596,22875718
tamil-nadu,2021,3,3323652,22174449
tamil-nadu,2021,4,3659942,32830992
tamil-nadu,2022,1,2996756,22116207
tamil-nadu,2022,2,3870466,31840451
tamil-nadu,2022,3,4298832,39991481
tamil-nadu,2022,4,4951927,40040614
tamil-nadu,2023,1,3819634,27490890
tamil-nadu,2023,2,4156440,32631451
tamil-nadu,2023,3,4447309,37870768
tamil-nadu,2023,4,5656086,42050018
telangana,2018,1,1368046,11166088
telangana,2018,2,1584047,13963438
telangana,2018,3,1893369,12476136
telangana,2018,4,2119349,18535925
telangana,2019,1,2076399,14928593
telangana,2019,2,2039611,15187143
telangana,2019,3,2028206,18312313
telangana,2019,4,2928320,20861828
telangana,2020,1,2392799,22348867
telangana,2020,2,2558380,21219312
telangana,2020,3,2908928,26643164
telangana,2020,4,3218037,22577590
telangana,2021,1,2583850,21469374
telangana,2021,2,2856875,18795638
telangana,2021,3,3080818,24111870
telangana,2021,4,4021831,31172187
telangana,2022,1,2787808,19477431
telangana,2022,2,3081012,25239520
telangana,2022,3,3561446,28805655
telangana,2022,4,3733972,34903077
telangana,2023,1,3652930,26649239
telangana,2023,2,3706598,34277187
telangana,2023,3,4247143,31248911
telangana,2023,4,4872124,38445514
tripura,2018,1,77079,630860
tripura,2018,2,104945,753094
tripura,2018,3,98890,934109
tripura,2018,4,132791,979005
tripura,2019,1,116765,912263
tripura,2019,2,137298,925856
tripura,2019,3,156794,1288455
tripura,2019,4,158733,1363360
tripura,2020,1,129814,881421
tripura,2020,2,168123,1365239
tripura,2020,3,183528,1381051
tripura,2020,4,214550,1735888
tripura,2021,1,163873,1229544
tripura,2021,2,165248,1400017
tripura,2021,3,210674,1566191
tripura,2021,4,204957,1890350
tripura,2022,1,184439,1565409
tripura,2022,2,202324,1723585
tripura,2022,3,239843,2058854
tripura,2022,4,228532,1739940
tripura,2023,1,225409,1824303
tripura,2023,2,247999,1860842
tripura,2023,3,252368,2245538
tripura,2023,4,307700,2103588
uttar-pradesh,2018,1,1701062,14674947
uttar-pradesh,2018,2,2076208,14521983
uttar-pradesh,2018,3,2297596,21639686
uttar-pradesh,2018,4,2645009,23511576
uttar-pradesh,2019,1,2474460,20147941
uttar-pradesh,2019,2,2779216,19243296
uttar-pradesh,2019,3,3066529,21193315
uttar-pradesh,2019,4,3395704,29081916
uttar-pradesh,2020,1,3178873,25775502
uttar-pradesh,2020,2,2855516,21488988
uttar-pradesh,2020,3,3953946,26857206
uttar-pradesh,2020,4,4300391,38383348
uttar-pradesh,2021,1,3386051,28058103
uttar-pradesh,2021,2,3182675,22062334
uttar-pradesh,2021,3,4217257,34521689
uttar-pradesh,2021,4,4933460,45989962
uttar-pradesh,2022,1,4002352,30082970
uttar-pradesh,2022,2,4047908,28539402
uttar-pradesh,2022,3,4524664,35843689
uttar-pradesh,2022,4,4416647,31761475
uttar-pradesh,2023,1,3704842,30191066
uttar-pradesh,2023,2,4689356,37383467
uttar-pradesh,2023,3,5006386,35886661
uttar-pradesh,2023,4,4913202,46527297
uttarakhand,2018,1,252932,1874953
uttarakhand,2018,2,353560,2830077
uttarakhand,2018,3,385028,3022797
uttarakhand,2018,4,482454,3177297
uttarakhand,2019,1,402142,3524302
uttarakhand,2019,2,486627,3956290
uttarakhand,2019,3,575491,4596633
uttarakhand,2019,4,564625,4132847
uttarakhand,2020,1,547923,4365675
uttarakhand,2020,2,567182,3802593
uttarakhand,2020,3,546232,5007836
uttarakhand,2020,4,652215,5110172
uttarakhand,2021,1,560662,3748206
uttarakhand,2021,2,692432,6149887
uttarakhand,2021,3,665035,5445089
uttarakhand,2021,4,886314,6532987
uttarakhand,2022,1,657701,5501264
uttarakhand,2022,2,728649,5542742
uttarakhand,2022,3,859730,6338333
uttarakhand,2022,4,803397,7116033
uttarakhand,2023,1,678684,6288999
uttarakhand,2023,2,839365,6191666
uttarakhand,2023,3,796679,5862616
uttarakhand,2023,4,1025614,7663725
west-bengal,2018,1,933654,7948963
west-bengal,2018,2,1071132,7609505
west-bengal,2018,3,1320026,12309033
west-bengal,2018,4,1452836,9651973
west-bengal,2019,1,1474079,11354886
west-bengal,2019,2,1617307,14537168
west-bengal,2019,3,1678100,13015708
west-bengal,2019,4,1971092,16128625
west-bengal,2020,1,1755255,13691371
west-bengal,2020,2,1904858,14391547
west-bengal,2020,3,1992590,13556287
west-bengal,2020,4,2283834,20728353
west-bengal,2021,1,2046841,15496521
west-bengal,2021,2,2410387,20034065
west-bengal,2021,3,2134764,16975726
west-bengal,2021,4,2668764,20333471
west-bengal,2022,1,2278886,15168438
west-bengal,2022,2,2251202,15239604
west-bengal,2022,3,2407678,17664222
west-bengal,2022,4,3037281,22988403
west-bengal,2023,1,2279481,18865414
west-bengal,2023,2,2709727,21954651
west-bengal,2023,3,3041232,22533552
west-bengal,2023,4,3025823,19866316
